{"chunk_definitions":[{"row":19,"row_count":1,"visible":true,"expansion_state":0,"options":{"engine":"r","label":"setup","include":false},"document_id":"074BFDEB","chunk_id":"csetup_chunk","chunk_label":"setup"},{"row":68,"row_count":1,"visible":true,"expansion_state":0,"options":{"engine":"r","echo":true,"label":"unnamed-chunk-14"},"document_id":"074BFDEB","chunk_id":"cj3l4h52xlm1o","chunk_label":"unnamed-chunk-3"},{"row":89,"row_count":1,"visible":true,"expansion_state":0,"options":{"engine":"r","echo":true,"label":"unnamed-chunk-30"},"document_id":"074BFDEB","chunk_id":"c0pgkm5zodyph","chunk_label":"unnamed-chunk-4"}],"doc_write_time":1642232437,"working_dir":null,"default_chunk_options":{"echo":false}}