{"chunk_definitions":[{"row":13,"row_count":1,"visible":true,"expansion_state":0,"options":{"engine":"r","label":"setup","include":false},"document_id":"1B4B679C","chunk_id":"csetup_chunk","chunk_label":"setup"},{"row":29,"row_count":1,"visible":true,"expansion_state":0,"options":{"engine":"r","message":false,"warning":false,"echo":false,"label":"unnamed-chunk-5"},"document_id":"1B4B679C","chunk_id":"cyhgx0o26dqpz","chunk_label":"unnamed-chunk-1"},{"row":35,"row_count":1,"visible":true,"expansion_state":0,"options":{"engine":"r","warning":false,"message":false,"echo":true,"label":"unnamed-chunk-6"},"document_id":"1B4B679C","chunk_id":"csh8rz41779gz","chunk_label":"unnamed-chunk-2"},{"row":96,"row_count":1,"visible":true,"expansion_state":0,"options":{"engine":"r","label":"unnamed-chunk-7"},"document_id":"1B4B679C","chunk_id":"cmj57t4bxckjr","chunk_label":"unnamed-chunk-7"},{"row":103,"row_count":1,"visible":true,"expansion_state":0,"options":{"engine":"r","label":"unnamed-chunk-14"},"document_id":"1B4B679C","chunk_id":"clqk393r2vuu7","chunk_label":"unnamed-chunk-8"},{"row":110,"row_count":1,"visible":true,"expansion_state":0,"options":{"engine":"r","label":"unnamed-chunk-15"},"document_id":"1B4B679C","chunk_id":"c80n0q1fo8w2b","chunk_label":"unnamed-chunk-9"},{"row":116,"row_count":1,"visible":true,"expansion_state":0,"options":{"engine":"r","label":"unnamed-chunk-16"},"document_id":"1B4B679C","chunk_id":"c1iglpg5gst1h","chunk_label":"unnamed-chunk-10"},{"row":121,"row_count":1,"visible":true,"expansion_state":0,"options":{"engine":"r","label":"unnamed-chunk-17"},"document_id":"1B4B679C","chunk_id":"c90srpoktcq8b","chunk_label":"unnamed-chunk-11"}],"doc_write_time":1642836478}