{"chunk_definitions":[{"row":18,"row_count":1,"visible":true,"expansion_state":0,"options":{"engine":"r","label":"setup","include":false},"document_id":"8D05968C","chunk_id":"csetup_chunk","chunk_label":"setup"},{"row":128,"row_count":1,"visible":true,"expansion_state":0,"options":{"engine":"r","message":false,"warning":false,"echo":true,"label":"unnamed-chunk-20"},"document_id":"8D05968C","chunk_id":"clbrkee86o87m","chunk_label":"unnamed-chunk-1"},{"row":247,"row_count":1,"visible":true,"expansion_state":0,"options":{"engine":"r","echo":true,"message":false,"warning":false,"label":"unnamed-chunk-21"},"document_id":"8D05968C","chunk_id":"ckxgkm6mq698r","chunk_label":"unnamed-chunk-12"},{"row":254,"row_count":1,"visible":true,"expansion_state":0,"options":{"engine":"r","echo":true,"message":false,"warning":false,"label":"unnamed-chunk-26"},"document_id":"8D05968C","chunk_id":"cejotibdz4qz8","chunk_label":"unnamed-chunk-13"}],"doc_write_time":1643734254,"working_dir":null,"default_chunk_options":{"echo":false}}