{"chunk_definitions":[{"row":13,"row_count":1,"visible":true,"expansion_state":0,"options":{"engine":"r","label":"setup","include":false,"message":false,"warning":false},"document_id":"FE285CE7","chunk_id":"csetup_chunk","chunk_label":"setup"},{"row":115,"row_count":1,"visible":true,"expansion_state":0,"options":{"engine":"r","warning":false,"message":false,"echo":true,"results":"asis","label":"unnamed-chunk-1"},"document_id":"B5BD985F","chunk_id":"ckgeucyh5z1q7","chunk_label":"unnamed-chunk-3"}],"doc_write_time":1643211119,"working_dir":null,"default_chunk_options":{"echo":false}}