{"chunk_definitions":[{"row":15,"row_count":1,"visible":true,"expansion_state":0,"options":{"engine":"r","label":"setup","include":false},"document_id":"FE285CE7","chunk_id":"csetup_chunk","chunk_label":"setup"},{"row":57,"row_count":1,"visible":true,"expansion_state":0,"options":{"engine":"r","echo":true,"label":"unnamed-chunk-2"},"document_id":"FE285CE7","chunk_id":"cgdegstvvvwmn","chunk_label":"unnamed-chunk-1"},{"row":71,"row_count":1,"visible":true,"expansion_state":0,"options":{"engine":"r","echo":true,"label":"unnamed-chunk-3"},"document_id":"FE285CE7","chunk_id":"cks944n0ftjvs","chunk_label":"unnamed-chunk-2"},{"row":109,"row_count":1,"visible":true,"expansion_state":0,"options":{"engine":"r","echo":false,"fig.width":12,"fig.height":8,"label":"unnamed-chunk-4"},"document_id":"FE285CE7","chunk_id":"ca05mrds5s2nj","chunk_label":"unnamed-chunk-3"}],"doc_write_time":1641614852,"working_dir":null,"default_chunk_options":{"echo":false}}